15100,2010-12-01T09:09:00.000Z
17850,2010-12-01T11:33:00.000Z
17908,2010-12-01T11:45:00.000Z
17920,2010-12-01T11:49:00.000Z
13758,2010-12-01T12:08:00.000Z
14849,2010-12-01T12:22:00.000Z
17897,2010-12-01T12:31:00.000Z
14729,2010-12-01T12:43:00.000Z
14594,2010-12-01T13:54:00.000Z
17841,2010-12-01T14:41:00.000Z
17850,2010-12-02T10:56:00.000Z
15260,2010-12-02T12:09:00.000Z
17976,2010-12-02T13:49:00.000Z
17850,2010-12-02T14:04:00.000Z
17567,2010-12-02T15:18:00.000Z
15061,2010-12-02T15:19:00.000Z
17850,2010-12-02T15:24:00.000Z
15574,2010-12-02T15:46:00.000Z
17838,2010-12-02T15:55:00.000Z
14829,2010-12-02T16:12:00.000Z
14573,2010-12-02T19:59:00.000Z
16891,2010-12-03T11:35:00.000Z
14210,2010-12-03T12:43:00.000Z
17954,2010-12-03T14:18:00.000Z
14800,2010-12-05T11:10:00.000Z
14800,2010-12-05T11:10:00.000Z
15351,2010-12-05T11:49:00.000Z
14813,2010-12-05T11:57:00.000Z
12748,2010-12-05T12:57:00.000Z
15880,2010-12-05T13:00:00.000Z
16402,2010-12-05T13:42:00.000Z
15555,2010-12-05T14:45:00.000Z
15987,2010-12-06T08:34:00.000Z
16898,2010-12-06T12:23:00.000Z
13089,2010-12-06T13:59:00.000Z
17218,2010-12-06T15:25:00.000Z
17812,2010-12-06T15:27:00.000Z
13564,2010-12-06T17:26:00.000Z
18055,2010-12-07T09:13:00.000Z
17735,2010-12-07T10:32:00.000Z
14733,2010-12-07T11:30:00.000Z
14733,2010-12-07T11:30:00.000Z
14733,2010-12-07T11:30:00.000Z
12748,2010-12-07T14:41:00.000Z
17419,2010-12-07T15:03:00.000Z
17591,2010-12-07T15:39:00.000Z
17870,2010-12-08T08:12:00.000Z
13842,2010-12-08T10:39:00.000Z
17341,2010-12-08T12:46:00.000Z
12748,2010-12-08T13:08:00.000Z
15916,2010-12-08T13:14:00.000Z
15713,2010-12-08T15:16:00.000Z
17999,2010-12-08T15:17:00.000Z
17340,2010-12-08T15:56:00.000Z
14527,2010-12-09T12:32:00.000Z
16520,2010-12-09T13:08:00.000Z
18041,2010-12-09T13:24:00.000Z
15288,2010-12-09T13:59:00.000Z
14667,2010-12-09T14:19:00.000Z
16255,2010-12-09T14:25:00.000Z
12872,2010-12-09T14:44:00.000Z
18225,2010-12-09T15:46:00.000Z
16907,2010-12-09T16:52:00.000Z
15555,2010-12-09T16:53:00.000Z
17841,2010-12-09T17:27:00.000Z
16499,2010-12-10T10:27:00.000Z
17827,2010-12-10T11:01:00.000Z
14037,2010-12-10T11:39:00.000Z
14256,2010-12-10T11:44:00.000Z
18065,2010-12-10T12:44:00.000Z
16923,2010-12-12T11:06:00.000Z
17126,2010-12-12T11:26:00.000Z
16779,2010-12-12T12:26:00.000Z
13668,2010-12-12T12:35:00.000Z
15547,2010-12-12T13:26:00.000Z
14413,2010-12-12T13:37:00.000Z
18004,2010-12-12T13:47:00.000Z
18004,2010-12-12T13:47:00.000Z
15044,2010-12-12T14:27:00.000Z
14505,2010-12-12T16:14:00.000Z
17790,2010-12-13T10:39:00.000Z
13069,2010-12-13T10:58:00.000Z
14085,2010-12-13T13:28:00.000Z
15808,2010-12-13T15:37:00.000Z
16202,2010-12-14T10:43:00.000Z
16442,2010-12-14T10:46:00.000Z
14907,2010-12-14T11:03:00.000Z
13178,2010-12-14T12:22:00.000Z
14606,2010-12-14T13:10:00.000Z
16805,2010-12-14T13:35:00.000Z
16503,2010-12-14T13:50:00.000Z
16919,2010-12-14T14:15:00.000Z
16919,2010-12-14T14:15:00.000Z
15392,2010-12-14T15:50:00.000Z
14401,2010-12-15T09:07:00.000Z
17449,2010-12-15T10:57:00.000Z
13418,2010-12-15T13:49:00.000Z
13124,2010-12-15T15:00:00.000Z
12928,2010-12-15T15:45:00.000Z
13093,2010-12-16T09:45:00.000Z
16670,2010-12-16T10:30:00.000Z
16743,2010-12-16T12:15:00.000Z
15394,2010-12-16T12:46:00.000Z
15379,2010-12-16T13:02:00.000Z
15311,2010-12-16T13:33:00.000Z
16885,2010-12-17T17:23:00.000Z
17218,2010-12-19T15:31:00.000Z
15640,2010-12-19T15:44:00.000Z
15640,2010-12-19T15:44:00.000Z
16422,2010-12-20T11:41:00.000Z
16713,2010-12-20T12:51:00.000Z
16713,2010-12-20T12:51:00.000Z
15312,2010-12-20T12:51:00.000Z
17961,2010-12-21T10:26:00.000Z
17211,2010-12-21T13:58:00.000Z
14532,2010-12-22T13:48:00.000Z
12748,2010-12-23T12:03:00.000Z
13680,2011-01-04T14:12:00.000Z
16725,2011-01-04T15:24:00.000Z
18109,2011-01-05T12:29:00.000Z
14618,2011-01-06T11:59:00.000Z
15719,2011-01-06T12:31:00.000Z
17634,2011-01-06T12:45:00.000Z
17634,2011-01-06T12:45:00.000Z
13081,2011-01-06T16:41:00.000Z
14702,2011-01-06T18:24:00.000Z
16019,2011-01-07T10:00:00.000Z
15139,2011-01-07T12:44:00.000Z
15708,2011-01-09T11:43:00.000Z
14321,2011-01-10T11:35:00.000Z
13107,2011-01-10T12:28:00.000Z
15281,2011-01-10T15:51:00.000Z
15311,2011-01-10T16:24:00.000Z
15867,2011-01-10T17:18:00.000Z
14320,2011-01-11T09:12:00.000Z
17365,2011-01-11T12:11:00.000Z
14733,2011-01-11T14:50:00.000Z
17965,2011-01-12T10:58:00.000Z
18109,2011-01-12T12:12:00.000Z
17338,2011-01-12T13:40:00.000Z
13284,2011-01-13T09:23:00.000Z
13089,2011-01-13T09:29:00.000Z
13694,2011-01-13T10:08:00.000Z
16395,2011-01-13T12:10:00.000Z
16814,2011-01-13T12:53:00.000Z
17744,2011-01-13T14:55:00.000Z
12877,2011-01-14T11:50:00.000Z
18106,2011-01-14T12:23:00.000Z
15570,2011-01-14T13:41:00.000Z
17954,2011-01-14T14:39:00.000Z
17961,2011-01-14T17:16:00.000Z
16746,2011-01-16T10:42:00.000Z
14404,2011-01-16T15:38:00.000Z
18069,2011-01-16T15:50:00.000Z
15673,2011-01-16T16:25:00.000Z
17988,2011-01-17T11:59:00.000Z
13982,2011-01-17T13:08:00.000Z
16997,2011-01-18T11:51:00.000Z
14696,2011-01-18T12:09:00.000Z
18118,2011-01-18T13:05:00.000Z
15061,2011-01-18T13:34:00.000Z
15023,2011-01-18T13:38:00.000Z
14428,2011-01-18T16:39:00.000Z
17708,2011-01-19T10:09:00.000Z
15039,2011-01-19T11:15:00.000Z
17787,2011-01-20T12:20:00.000Z
15498,2011-01-20T15:22:00.000Z
14713,2011-01-20T19:16:00.000Z
17277,2011-01-21T12:37:00.000Z
17799,2011-01-21T15:56:00.000Z
17889,2011-01-21T17:14:00.000Z
16085,2011-01-23T12:07:00.000Z
16085,2011-01-23T12:07:00.000Z
16931,2011-01-23T12:19:00.000Z
13050,2011-01-23T12:43:00.000Z
17673,2011-01-23T15:16:00.000Z
13798,2011-01-23T16:17:00.000Z
14298,2011-01-25T10:57:00.000Z
15218,2011-01-25T11:20:00.000Z
14680,2011-01-25T12:31:00.000Z
16222,2011-01-25T13:38:00.000Z
14341,2011-01-25T13:55:00.000Z
13168,2011-01-25T13:55:00.000Z
13168,2011-01-25T13:55:00.000Z
16943,2011-01-25T14:00:00.000Z
14049,2011-01-26T11:27:00.000Z
17118,2011-01-26T12:19:00.000Z
14233,2011-01-26T12:43:00.000Z
17027,2011-01-26T14:19:00.000Z
18125,2011-01-27T15:02:00.000Z
15549,2011-01-27T15:38:00.000Z
14541,2011-01-27T15:51:00.000Z
14662,2011-01-27T17:41:00.000Z
16523,2011-01-28T12:06:00.000Z
15159,2011-01-28T12:19:00.000Z
17188,2011-01-28T12:48:00.000Z
15365,2011-01-28T13:08:00.000Z
17329,2011-01-28T15:29:00.000Z
16897,2011-01-30T11:52:00.000Z
13148,2011-01-30T13:48:00.000Z
16770,2011-01-30T13:51:00.000Z
17239,2011-01-31T09:41:00.000Z
17619,2011-01-31T14:18:00.000Z
17619,2011-01-31T14:18:00.000Z
15058,2011-01-31T15:35:00.000Z
17511,2011-02-01T10:38:00.000Z
15039,2011-02-01T10:47:00.000Z
12836,2011-02-01T11:20:00.000Z
14850,2011-02-01T11:21:00.000Z
14850,2011-02-01T11:21:00.000Z
14606,2011-02-01T11:51:00.000Z
17035,2011-02-01T12:27:00.000Z
15311,2011-02-01T13:25:00.000Z
16705,2011-02-01T13:26:00.000Z
14549,2011-02-01T13:47:00.000Z
14233,2011-02-02T10:41:00.000Z
18250,2011-02-02T13:16:00.000Z
12990,2011-02-02T15:39:00.000Z
17223,2011-02-02T15:57:00.000Z
17337,2011-02-02T17:06:00.000Z
17337,2011-02-02T17:06:00.000Z
17337,2011-02-02T17:06:00.000Z
14044,2011-02-03T11:39:00.000Z
14085,2011-02-03T12:37:00.000Z
13539,2011-02-03T15:23:00.000Z
13911,2011-02-04T14:46:00.000Z
14194,2011-02-04T14:51:00.000Z
16745,2011-02-06T14:43:00.000Z
17105,2011-02-06T14:46:00.000Z
14952,2011-02-07T09:50:00.000Z
16686,2011-02-07T11:56:00.000Z
15577,2011-02-07T13:32:00.000Z
13458,2011-02-07T13:50:00.000Z
16945,2011-02-07T15:05:00.000Z
14030,2011-02-07T16:21:00.000Z
14587,2011-02-08T13:28:00.000Z
13590,2011-02-09T13:25:00.000Z
17537,2011-02-09T13:37:00.000Z
17757,2011-02-09T14:18:00.000Z
17843,2011-02-09T15:33:00.000Z
17686,2011-02-10T10:18:00.000Z
14081,2011-02-10T16:17:00.000Z
14081,2011-02-10T16:17:00.000Z
15044,2011-02-11T12:36:00.000Z
15311,2011-02-11T13:36:00.000Z
15311,2011-02-11T13:36:00.000Z
13875,2011-02-11T15:39:00.000Z
17126,2011-02-13T12:05:00.000Z
13171,2011-02-13T14:16:00.000Z
12931,2011-02-15T10:41:00.000Z
17348,2011-02-15T10:49:00.000Z
14701,2011-02-15T11:40:00.000Z
15311,2011-02-15T13:19:00.000Z
16019,2011-02-16T10:04:00.000Z
14755,2011-02-16T13:14:00.000Z
13001,2011-02-16T14:27:00.000Z
13001,2011-02-16T14:27:00.000Z
15382,2011-02-17T12:01:00.000Z
18125,2011-02-17T13:47:00.000Z
16525,2011-02-17T14:11:00.000Z
15785,2011-02-17T14:17:00.000Z
17841,2011-02-17T14:19:00.000Z
16726,2011-02-18T13:26:00.000Z
13951,2011-02-18T15:21:00.000Z
16931,2011-02-20T14:01:00.000Z
16931,2011-02-20T14:01:00.000Z
14606,2011-02-20T15:43:00.000Z
14502,2011-02-20T15:51:00.000Z
14796,2011-02-21T09:58:00.000Z
13044,2011-02-21T15:20:00.000Z
17994,2011-02-22T11:02:00.000Z
13038,2011-02-22T11:43:00.000Z
14895,2011-02-22T13:08:00.000Z
16045,2011-02-22T14:55:00.000Z
13077,2011-02-22T16:15:00.000Z
18151,2011-02-23T08:29:00.000Z
15311,2011-02-23T12:00:00.000Z
13993,2011-02-23T12:25:00.000Z
14004,2011-02-24T09:28:00.000Z
17139,2011-02-24T09:32:00.000Z
17139,2011-02-24T09:32:00.000Z
17865,2011-02-24T12:01:00.000Z
14189,2011-02-24T12:22:00.000Z
12945,2011-02-24T14:15:00.000Z
17377,2011-02-24T15:42:00.000Z
15845,2011-02-25T10:39:00.000Z
13458,2011-02-25T11:30:00.000Z
13362,2011-02-25T11:33:00.000Z
13971,2011-02-27T12:27:00.000Z
12748,2011-02-27T14:07:00.000Z
16667,2011-02-28T12:57:00.000Z
15241,2011-03-01T11:02:00.000Z
15311,2011-03-01T11:48:00.000Z
17965,2011-03-01T12:07:00.000Z
17426,2011-03-02T16:34:00.000Z
17426,2011-03-02T16:34:00.000Z
14524,2011-03-03T12:41:00.000Z
17374,2011-03-03T12:53:00.000Z
17416,2011-03-03T13:45:00.000Z
15005,2011-03-03T15:31:00.000Z
15005,2011-03-03T15:31:00.000Z
14702,2011-03-03T19:18:00.000Z
14796,2011-03-04T09:46:00.000Z
14796,2011-03-04T09:46:00.000Z
15220,2011-03-04T10:24:00.000Z
17581,2011-03-04T10:28:00.000Z
14570,2011-03-04T10:39:00.000Z
16449,2011-03-04T12:15:00.000Z
14670,2011-03-04T13:58:00.000Z
17107,2011-03-06T15:17:00.000Z
16517,2011-03-07T13:50:00.000Z
15752,2011-03-07T14:51:00.000Z
15752,2011-03-07T14:51:00.000Z
15834,2011-03-07T17:52:00.000Z
13340,2011-03-08T11:39:00.000Z
13975,2011-03-08T12:19:00.000Z
13975,2011-03-08T12:19:00.000Z
14367,2011-03-08T14:12:00.000Z
16495,2011-03-08T16:38:00.000Z
14336,2011-03-08T16:48:00.000Z
14507,2011-03-08T17:23:00.000Z
16221,2011-03-09T10:51:00.000Z
14854,2011-03-10T12:22:00.000Z
15308,2011-03-10T13:08:00.000Z
14841,2011-03-10T13:28:00.000Z
17841,2011-03-10T15:01:00.000Z
14056,2011-03-10T16:16:00.000Z
15513,2011-03-11T11:38:00.000Z
13226,2011-03-11T14:35:00.000Z
15493,2011-03-14T11:44:00.000Z
15493,2011-03-14T11:44:00.000Z
15738,2011-03-14T13:35:00.000Z
16327,2011-03-14T14:51:00.000Z
16804,2011-03-14T15:48:00.000Z
17799,2011-03-14T16:46:00.000Z
18260,2011-03-15T10:34:00.000Z
16293,2011-03-15T10:45:00.000Z
17542,2011-03-15T11:45:00.000Z
13121,2011-03-15T16:47:00.000Z
12868,2011-03-16T09:38:00.000Z
13358,2011-03-16T11:52:00.000Z
13027,2011-03-16T13:13:00.000Z
17961,2011-03-16T14:12:00.000Z
14505,2011-03-16T15:45:00.000Z
14572,2011-03-16T16:38:00.000Z
15291,2011-03-17T09:13:00.000Z
18189,2011-03-17T09:49:00.000Z
18189,2011-03-17T09:49:00.000Z
14713,2011-03-17T10:26:00.000Z
15861,2011-03-17T20:12:00.000Z
16256,2011-03-18T12:18:00.000Z
14194,2011-03-18T12:56:00.000Z
14282,2011-03-18T13:51:00.000Z
17043,2011-03-18T14:53:00.000Z
17841,2011-03-18T14:54:00.000Z
14071,2011-03-20T11:33:00.000Z
17795,2011-03-20T12:02:00.000Z
14769,2011-03-20T13:33:00.000Z
14769,2011-03-20T13:33:00.000Z
16115,2011-03-20T13:58:00.000Z
15452,2011-03-20T15:21:00.000Z
15039,2011-03-21T11:24:00.000Z
17204,2011-03-21T12:42:00.000Z
14606,2011-03-21T12:53:00.000Z
16791,2011-03-21T14:18:00.000Z
13081,2011-03-21T14:44:00.000Z
17152,2011-03-21T16:20:00.000Z
16191,2011-03-22T08:54:00.000Z
13869,2011-03-22T10:44:00.000Z
17272,2011-03-22T12:05:00.000Z
15998,2011-03-22T12:25:00.000Z
15719,2011-03-22T12:27:00.000Z
16110,2011-03-22T13:54:00.000Z
16110,2011-03-22T13:54:00.000Z
15457,2011-03-22T15:31:00.000Z
13475,2011-03-23T09:43:00.000Z
13475,2011-03-23T09:43:00.000Z
15061,2011-03-23T10:27:00.000Z
14461,2011-03-23T12:15:00.000Z
16859,2011-03-23T13:39:00.000Z
13534,2011-03-23T15:16:00.000Z
13341,2011-03-24T09:50:00.000Z
17059,2011-03-24T12:08:00.000Z
13871,2011-03-24T12:58:00.000Z
13736,2011-03-24T13:04:00.000Z
16022,2011-03-24T13:16:00.000Z
16022,2011-03-24T13:16:00.000Z
16063,2011-03-24T14:56:00.000Z
16905,2011-03-24T19:31:00.000Z
14796,2011-03-25T11:01:00.000Z
14587,2011-03-25T11:44:00.000Z
13139,2011-03-25T11:57:00.000Z
18078,2011-03-25T15:08:00.000Z
16618,2011-03-25T15:18:00.000Z
13266,2011-03-28T10:14:00.000Z
14410,2011-03-28T12:13:00.000Z
14410,2011-03-28T12:13:00.000Z
15249,2011-03-28T12:49:00.000Z
14766,2011-03-28T13:28:00.000Z
14766,2011-03-28T13:28:00.000Z
15644,2011-03-28T15:27:00.000Z
18044,2011-03-29T10:39:00.000Z
15696,2011-03-29T12:03:00.000Z
17398,2011-03-29T13:04:00.000Z
14871,2011-03-29T13:22:00.000Z
15906,2011-03-29T13:28:00.000Z
13439,2011-03-29T14:20:00.000Z
14367,2011-03-29T14:35:00.000Z
14606,2011-03-29T17:23:00.000Z
14606,2011-03-29T17:23:00.000Z
13720,2011-03-30T09:17:00.000Z
14099,2011-03-30T11:12:00.000Z
15373,2011-03-30T11:18:00.000Z
16657,2011-03-30T12:02:00.000Z
16788,2011-03-30T13:05:00.000Z
13001,2011-03-30T14:51:00.000Z
15980,2011-03-30T15:05:00.000Z
13268,2011-03-30T16:52:00.000Z
17088,2011-03-31T09:48:00.000Z
18041,2011-03-31T11:07:00.000Z
13626,2011-04-01T10:05:00.000Z
16609,2011-04-01T10:11:00.000Z
13462,2011-04-01T11:20:00.000Z
13137,2011-04-01T11:34:00.000Z
13137,2011-04-01T11:34:00.000Z
14419,2011-04-01T11:47:00.000Z
14419,2011-04-01T11:47:00.000Z
12949,2011-04-01T13:20:00.000Z
12949,2011-04-01T13:20:00.000Z
16010,2011-04-03T11:37:00.000Z
13781,2011-04-03T12:08:00.000Z
17744,2011-04-03T12:46:00.000Z
18116,2011-04-03T14:24:00.000Z
17050,2011-04-03T14:42:00.000Z
17337,2011-04-03T15:07:00.000Z
17758,2011-04-03T15:22:00.000Z
17758,2011-04-03T15:22:00.000Z
15039,2011-04-04T10:52:00.000Z
13319,2011-04-04T11:34:00.000Z
14895,2011-04-04T12:05:00.000Z
15311,2011-04-04T13:57:00.000Z
15311,2011-04-04T13:57:00.000Z
17214,2011-04-04T16:28:00.000Z
13018,2011-04-05T10:19:00.000Z
13018,2011-04-05T10:19:00.000Z
16906,2011-04-05T12:30:00.000Z
14535,2011-04-05T12:50:00.000Z
17841,2011-04-05T15:00:00.000Z
13863,2011-04-06T10:20:00.000Z
13515,2011-04-06T10:33:00.000Z
15917,2011-04-06T10:40:00.000Z
13098,2011-04-06T12:41:00.000Z
14701,2011-04-06T15:02:00.000Z
15719,2011-04-07T11:40:00.000Z
15719,2011-04-07T11:40:00.000Z
14446,2011-04-07T12:10:00.000Z
14449,2011-04-07T12:16:00.000Z
14449,2011-04-07T12:16:00.000Z
14903,2011-04-07T12:35:00.000Z
14903,2011-04-07T12:35:00.000Z
14903,2011-04-07T12:35:00.000Z
14465,2011-04-07T12:38:00.000Z
16261,2011-04-07T19:05:00.000Z
13230,2011-04-07T19:27:00.000Z
13911,2011-04-08T10:01:00.000Z
18118,2011-04-10T11:14:00.000Z
18118,2011-04-10T11:14:00.000Z
16889,2011-04-10T11:24:00.000Z
17372,2011-04-10T12:53:00.000Z
15655,2011-04-10T15:25:00.000Z
14504,2011-04-10T16:01:00.000Z
17069,2011-04-11T08:14:00.000Z
15737,2011-04-11T10:01:00.000Z
15737,2011-04-11T10:01:00.000Z
16409,2011-04-11T17:12:00.000Z
18109,2011-04-12T10:48:00.000Z
16843,2011-04-12T11:34:00.000Z
17160,2011-04-12T12:00:00.000Z
13458,2011-04-12T13:19:00.000Z
12854,2011-04-12T14:17:00.000Z
14289,2011-04-12T15:08:00.000Z
16919,2011-04-12T15:23:00.000Z
18231,2011-04-13T09:32:00.000Z
16309,2011-04-13T11:46:00.000Z
17589,2011-04-13T13:47:00.000Z
15855,2011-04-13T14:39:00.000Z
13221,2011-04-13T16:58:00.000Z
13221,2011-04-13T16:58:00.000Z
15570,2011-04-14T10:17:00.000Z
13317,2011-04-14T12:42:00.000Z
16933,2011-04-14T13:33:00.000Z
16520,2011-04-14T14:14:00.000Z
14198,2011-04-14T14:54:00.000Z
14105,2011-04-14T17:58:00.000Z
15270,2011-04-15T09:43:00.000Z
14700,2011-04-15T13:16:00.000Z
17367,2011-04-15T14:21:00.000Z
17243,2011-04-17T10:15:00.000Z
15555,2011-04-17T13:43:00.000Z
15555,2011-04-17T13:43:00.000Z
14227,2011-04-18T09:33:00.000Z
16746,2011-04-18T11:59:00.000Z
16458,2011-04-18T13:22:00.000Z
14502,2011-04-18T17:29:00.000Z
13266,2011-04-19T11:52:00.000Z
16919,2011-04-19T12:17:00.000Z
16730,2011-04-19T12:41:00.000Z
14298,2011-04-19T14:49:00.000Z
17454,2011-04-20T11:19:00.000Z
14527,2011-04-20T12:26:00.000Z
15984,2011-04-20T12:56:00.000Z
14730,2011-04-21T10:51:00.000Z
14730,2011-04-21T10:51:00.000Z
15034,2011-04-21T10:52:00.000Z
14759,2011-04-21T10:55:00.000Z
13389,2011-04-21T12:12:00.000Z
17109,2011-04-21T15:46:00.000Z
14512,2011-04-21T19:05:00.000Z
13842,2011-04-26T11:30:00.000Z
14606,2011-04-26T12:07:00.000Z
16823,2011-04-26T15:00:00.000Z
16188,2011-04-27T10:54:00.000Z
16919,2011-04-27T13:44:00.000Z
15005,2011-04-27T14:05:00.000Z
16099,2011-04-28T08:34:00.000Z
16814,2011-04-28T11:38:00.000Z
15508,2011-04-28T13:31:00.000Z
15622,2011-04-28T13:35:00.000Z
15622,2011-04-28T13:35:00.000Z
16931,2011-05-01T11:14:00.000Z
15708,2011-05-01T11:36:00.000Z
16401,2011-05-01T12:35:00.000Z
15376,2011-05-01T13:45:00.000Z
14149,2011-05-03T09:44:00.000Z
17501,2011-05-03T09:46:00.000Z
17757,2011-05-03T12:07:00.000Z
13263,2011-05-03T15:59:00.000Z
16942,2011-05-04T12:20:00.000Z
14173,2011-05-04T14:03:00.000Z
16767,2011-05-04T16:36:00.000Z
17429,2011-05-05T09:53:00.000Z
13883,2011-05-05T12:37:00.000Z
15356,2011-05-05T13:14:00.000Z
15491,2011-05-05T16:34:00.000Z
13081,2011-05-06T08:10:00.000Z
13081,2011-05-06T08:10:00.000Z
13365,2011-05-06T12:00:00.000Z
17364,2011-05-06T15:47:00.000Z
14056,2011-05-06T16:54:00.000Z
13021,2011-05-08T12:26:00.000Z
15518,2011-05-08T14:09:00.000Z
14341,2011-05-08T15:15:00.000Z
17049,2011-05-09T09:15:00.000Z
13908,2011-05-09T10:24:00.000Z
17629,2011-05-09T12:28:00.000Z
16729,2011-05-09T13:28:00.000Z
12867,2011-05-09T15:34:00.000Z
14209,2011-05-10T10:00:00.000Z
13320,2011-05-10T10:29:00.000Z
17581,2011-05-10T11:48:00.000Z
15311,2011-05-10T12:20:00.000Z
14505,2011-05-10T12:53:00.000Z
16431,2011-05-10T14:09:00.000Z
14587,2011-05-10T14:22:00.000Z
12749,2011-05-10T15:25:00.000Z
17428,2011-05-11T10:49:00.000Z
17489,2011-05-11T11:34:00.000Z
15521,2011-05-11T12:47:00.000Z
16644,2011-05-11T12:53:00.000Z
18118,2011-05-11T12:58:00.000Z
14367,2011-05-11T14:25:00.000Z
18136,2011-05-12T11:59:00.000Z
15489,2011-05-12T12:54:00.000Z
13263,2011-05-12T15:26:00.000Z
16871,2011-05-13T11:44:00.000Z
15529,2011-05-13T11:45:00.000Z
17139,2011-05-13T12:12:00.000Z
15907,2011-05-13T13:01:00.000Z
14873,2011-05-13T13:52:00.000Z
14194,2011-05-13T15:25:00.000Z
17263,2011-05-15T14:32:00.000Z
16607,2011-05-16T09:58:00.000Z
13871,2011-05-17T10:08:00.000Z
13871,2011-05-17T10:08:00.000Z
16316,2011-05-17T10:57:00.000Z
15855,2011-05-17T15:26:00.000Z
15855,2011-05-17T15:26:00.000Z
16156,2011-05-17T16:32:00.000Z
17530,2011-05-17T16:49:00.000Z
17505,2011-05-18T09:01:00.000Z
18223,2011-05-18T09:37:00.000Z
16818,2011-05-18T11:42:00.000Z
13572,2011-05-18T11:59:00.000Z
15811,2011-05-18T12:44:00.000Z
13719,2011-05-18T12:52:00.000Z
18097,2011-05-18T13:56:00.000Z
13417,2011-05-18T16:26:00.000Z
15630,2011-05-19T10:16:00.000Z
14896,2011-05-19T10:20:00.000Z
16813,2011-05-19T13:28:00.000Z
16813,2011-05-19T13:28:00.000Z
15394,2011-05-19T14:27:00.000Z
13405,2011-05-19T16:31:00.000Z
13658,2011-05-19T17:15:00.000Z
13887,2011-05-19T17:22:00.000Z
18177,2011-05-19T18:28:00.000Z
12951,2011-05-19T19:00:00.000Z
15122,2011-05-19T19:32:00.000Z
15955,2011-05-20T08:57:00.000Z
13178,2011-05-20T10:22:00.000Z
15856,2011-05-20T10:32:00.000Z
13856,2011-05-20T13:13:00.000Z
17757,2011-05-20T16:04:00.000Z
15716,2011-05-22T12:49:00.000Z
14921,2011-05-22T12:51:00.000Z
14769,2011-05-22T13:01:00.000Z
14769,2011-05-22T13:01:00.000Z
14647,2011-05-22T13:40:00.000Z
15555,2011-05-22T13:51:00.000Z
14711,2011-05-22T14:04:00.000Z
14189,2011-05-23T09:39:00.000Z
14049,2011-05-23T11:07:00.000Z
14049,2011-05-23T11:07:00.000Z
14903,2011-05-23T13:17:00.000Z
14903,2011-05-23T13:17:00.000Z
16729,2011-05-23T15:33:00.000Z
13737,2011-05-23T16:32:00.000Z
13590,2011-05-24T09:56:00.000Z
13842,2011-05-24T10:50:00.000Z
15719,2011-05-24T11:31:00.000Z
14606,2011-05-24T13:50:00.000Z
13098,2011-05-25T10:11:00.000Z
13317,2011-05-25T10:35:00.000Z
14593,2011-05-25T11:21:00.000Z
14593,2011-05-25T11:21:00.000Z
15882,2011-05-25T11:34:00.000Z
15311,2011-05-25T12:34:00.000Z
14210,2011-05-26T12:46:00.000Z
15189,2011-05-26T12:52:00.000Z
14740,2011-05-26T18:17:00.000Z
14194,2011-05-27T11:41:00.000Z
16931,2011-05-29T11:34:00.000Z
14451,2011-05-29T12:35:00.000Z
17682,2011-05-31T08:50:00.000Z
16814,2011-05-31T10:43:00.000Z
16558,2011-05-31T10:45:00.000Z
13070,2011-05-31T13:45:00.000Z
18231,2011-05-31T14:18:00.000Z
13481,2011-05-31T15:26:00.000Z
16810,2011-05-31T15:32:00.000Z
17191,2011-06-01T12:13:00.000Z
15039,2011-06-01T13:07:00.000Z
14298,2011-06-02T09:37:00.000Z
14389,2011-06-02T12:04:00.000Z
15498,2011-06-03T10:19:00.000Z
17708,2011-06-05T10:12:00.000Z
16458,2011-06-05T12:16:00.000Z
13668,2011-06-05T12:48:00.000Z
17735,2011-06-05T13:08:00.000Z
17735,2011-06-05T13:09:00.000Z
17735,2011-06-05T13:09:00.000Z
17811,2011-06-05T13:16:00.000Z
13637,2011-06-05T13:24:00.000Z
16963,2011-06-05T13:48:00.000Z
14659,2011-06-05T15:19:00.000Z
17589,2011-06-05T15:25:00.000Z
15301,2011-06-05T15:53:00.000Z
15301,2011-06-05T15:53:00.000Z
15150,2011-06-06T12:51:00.000Z
18248,2011-06-06T13:18:00.000Z
16520,2011-06-06T13:24:00.000Z
17361,2011-06-06T14:02:00.000Z
14713,2011-06-06T15:24:00.000Z
17252,2011-06-06T16:41:00.000Z
14525,2011-06-07T12:34:00.000Z
14375,2011-06-07T13:44:00.000Z
14375,2011-06-07T13:44:00.000Z
13395,2011-06-07T15:04:00.000Z
17659,2011-06-08T09:58:00.000Z
14622,2011-06-08T12:42:00.000Z
14078,2011-06-08T12:49:00.000Z
14078,2011-06-08T12:49:00.000Z
14587,2011-06-08T14:09:00.000Z
16011,2011-06-08T16:18:00.000Z
13004,2011-06-09T09:16:00.000Z
14963,2011-06-09T12:30:00.000Z
15527,2011-06-10T12:19:00.000Z
14895,2011-06-10T14:06:00.000Z
13798,2011-06-12T10:15:00.000Z
14878,2011-06-12T11:26:00.000Z
18069,2011-06-12T15:14:00.000Z
15491,2011-06-13T11:49:00.000Z
14503,2011-06-14T10:00:00.000Z
17675,2011-06-14T11:33:00.000Z
14426,2011-06-14T12:31:00.000Z
14461,2011-06-14T13:15:00.000Z
17511,2011-06-15T11:30:00.000Z
16241,2011-06-15T11:56:00.000Z
12748,2011-06-15T13:25:00.000Z
12748,2011-06-15T13:25:00.000Z
12748,2011-06-15T13:25:00.000Z
17651,2011-06-15T15:57:00.000Z
17716,2011-06-15T16:05:00.000Z
14844,2011-06-16T09:28:00.000Z
16276,2011-06-16T09:34:00.000Z
16571,2011-06-16T13:14:00.000Z
13090,2011-06-17T10:12:00.000Z
17426,2011-06-17T12:30:00.000Z
17426,2011-06-17T12:31:00.000Z
17204,2011-06-17T14:45:00.000Z
17932,2011-06-19T10:39:00.000Z
16931,2011-06-19T12:05:00.000Z
13089,2011-06-19T12:08:00.000Z
14808,2011-06-20T12:53:00.000Z
14796,2011-06-20T14:36:00.000Z
14796,2011-06-20T14:36:00.000Z
17757,2011-06-21T13:58:00.000Z
14408,2011-06-21T13:58:00.000Z
13178,2011-06-21T14:53:00.000Z
14092,2011-06-22T12:56:00.000Z
17585,2011-06-22T13:28:00.000Z
15810,2011-06-22T14:01:00.000Z
17669,2011-06-22T14:10:00.000Z
14422,2011-06-22T15:07:00.000Z
16187,2011-06-23T09:38:00.000Z
14854,2011-06-23T09:53:00.000Z
17365,2011-06-23T10:44:00.000Z
13268,2011-06-23T11:38:00.000Z
17799,2011-06-23T13:39:00.000Z
17314,2011-06-23T14:35:00.000Z
14584,2011-06-23T18:33:00.000Z
15023,2011-06-23T18:44:00.000Z
16161,2011-06-23T19:27:00.000Z
17061,2011-06-24T09:43:00.000Z
15850,2011-06-24T14:16:00.000Z
15850,2011-06-24T14:16:00.000Z
13021,2011-06-26T11:53:00.000Z
14104,2011-06-27T12:49:00.000Z
17841,2011-06-27T14:30:00.000Z
12867,2011-06-27T15:04:00.000Z
13614,2011-06-28T14:58:00.000Z
14329,2011-06-28T15:36:00.000Z
17750,2011-06-28T15:44:00.000Z
13078,2011-06-29T12:37:00.000Z
16904,2011-06-30T12:04:00.000Z
16316,2011-06-30T14:37:00.000Z
16045,2011-06-30T16:22:00.000Z
14132,2011-06-30T17:29:00.000Z
14132,2011-06-30T17:29:00.000Z
17921,2011-06-30T18:17:00.000Z
16317,2011-07-01T08:16:00.000Z
17865,2011-07-01T09:19:00.000Z
12748,2011-07-01T12:52:00.000Z
16839,2011-07-01T12:52:00.000Z
12841,2011-07-03T13:08:00.000Z
13373,2011-07-04T12:19:00.000Z
17765,2011-07-04T12:41:00.000Z
17841,2011-07-04T13:36:00.000Z
13267,2011-07-04T15:10:00.000Z
15555,2011-07-04T16:35:00.000Z
15078,2011-07-05T09:56:00.000Z
16103,2011-07-05T10:54:00.000Z
14099,2011-07-05T12:15:00.000Z
14262,2011-07-05T12:53:00.000Z
15738,2011-07-06T10:00:00.000Z
17220,2011-07-06T10:04:00.000Z
13253,2011-07-06T10:09:00.000Z
15311,2011-07-06T13:56:00.000Z
16942,2011-07-06T17:31:00.000Z
15719,2011-07-07T12:22:00.000Z
17696,2011-07-07T15:44:00.000Z
16012,2011-07-07T18:02:00.000Z
15039,2011-07-08T10:49:00.000Z
14918,2011-07-08T12:50:00.000Z
15311,2011-07-08T12:53:00.000Z
15157,2011-07-08T13:26:00.000Z
14961,2011-07-08T15:29:00.000Z
16923,2011-07-10T10:30:00.000Z
14808,2011-07-10T12:03:00.000Z
14808,2011-07-10T12:03:00.000Z
17841,2011-07-10T12:16:00.000Z
16880,2011-07-10T12:25:00.000Z
14552,2011-07-11T12:49:00.000Z
14552,2011-07-11T12:49:00.000Z
16033,2011-07-11T14:43:00.000Z
16033,2011-07-11T14:43:00.000Z
16700,2011-07-12T13:16:00.000Z
17841,2011-07-12T14:48:00.000Z
17841,2011-07-12T14:48:00.000Z
15530,2011-07-13T12:15:00.000Z
18245,2011-07-13T14:28:00.000Z
14400,2011-07-13T15:50:00.000Z
12915,2011-07-14T11:34:00.000Z
15005,2011-07-14T13:00:00.000Z
15005,2011-07-14T13:00:00.000Z
18283,2011-07-14T13:00:00.000Z
18283,2011-07-14T13:00:00.000Z
13933,2011-07-14T13:35:00.000Z
17706,2011-07-14T13:41:00.000Z
16040,2011-07-14T16:12:00.000Z
17921,2011-07-14T18:56:00.000Z
16203,2011-07-15T12:45:00.000Z
17725,2011-07-17T11:41:00.000Z
14462,2011-07-17T13:24:00.000Z
16474,2011-07-17T14:51:00.000Z
14895,2011-07-17T15:00:00.000Z
15467,2011-07-17T15:24:00.000Z
14198,2011-07-17T15:47:00.000Z
17984,2011-07-17T15:59:00.000Z
14944,2011-07-18T09:21:00.000Z
13488,2011-07-18T11:58:00.000Z
17841,2011-07-18T12:25:00.000Z
17841,2011-07-18T12:25:00.000Z
12748,2011-07-18T14:32:00.000Z
13764,2011-07-18T17:15:00.000Z
17975,2011-07-19T11:08:00.000Z
15727,2011-07-19T11:57:00.000Z
16232,2011-07-19T13:01:00.000Z
15632,2011-07-20T11:50:00.000Z
16186,2011-07-20T13:55:00.000Z
14056,2011-07-20T14:55:00.000Z
14056,2011-07-20T14:55:00.000Z
15311,2011-07-21T12:33:00.000Z
16607,2011-07-21T13:06:00.000Z
13157,2011-07-21T14:34:00.000Z
17213,2011-07-21T15:47:00.000Z
13089,2011-07-21T17:08:00.000Z
15829,2011-07-22T10:23:00.000Z
14426,2011-07-22T11:55:00.000Z
17625,2011-07-22T13:53:00.000Z
16241,2011-07-24T10:37:00.000Z
16407,2011-07-24T11:25:00.000Z
16525,2011-07-24T12:02:00.000Z
16684,2011-07-24T13:11:00.000Z
16684,2011-07-24T13:11:00.000Z
16710,2011-07-24T14:21:00.000Z
13116,2011-07-24T14:33:00.000Z
13037,2011-07-24T15:46:00.000Z
15144,2011-07-25T09:50:00.000Z
17054,2011-07-25T09:58:00.000Z
17841,2011-07-25T12:09:00.000Z
17841,2011-07-25T12:09:00.000Z
16033,2011-07-25T13:45:00.000Z
14796,2011-07-25T13:57:00.000Z
15159,2011-07-26T10:27:00.000Z
16942,2011-07-26T12:57:00.000Z
18094,2011-07-26T14:42:00.000Z
13090,2011-07-26T14:51:00.000Z
15152,2011-07-26T15:45:00.000Z
12853,2011-07-28T11:22:00.000Z
15023,2011-07-28T13:02:00.000Z
14898,2011-07-28T14:03:00.000Z
15639,2011-07-28T14:30:00.000Z
15311,2011-07-28T18:23:00.000Z
13827,2011-07-29T11:45:00.000Z
12921,2011-07-29T13:11:00.000Z
13388,2011-07-31T12:52:00.000Z
15532,2011-07-31T13:13:00.000Z
12942,2011-07-31T14:39:00.000Z
14456,2011-07-31T15:00:00.000Z
15819,2011-07-31T15:22:00.000Z
16655,2011-07-31T15:31:00.000Z
14060,2011-08-01T10:08:00.000Z
16551,2011-08-01T12:28:00.000Z
12749,2011-08-01T12:48:00.000Z
12949,2011-08-01T13:02:00.000Z
16984,2011-08-01T17:37:00.000Z
16984,2011-08-01T17:37:00.000Z
16984,2011-08-01T17:37:00.000Z
16984,2011-08-01T17:37:00.000Z
13437,2011-08-02T14:00:00.000Z
13850,2011-08-02T14:04:00.000Z
13186,2011-08-03T09:09:00.000Z
16419,2011-08-03T09:47:00.000Z
17656,2011-08-03T10:45:00.000Z
12841,2011-08-03T12:03:00.000Z
14530,2011-08-03T12:12:00.000Z
14527,2011-08-03T12:31:00.000Z
16324,2011-08-03T12:54:00.000Z
17514,2011-08-03T15:45:00.000Z
17735,2011-08-04T10:23:00.000Z
13098,2011-08-04T10:38:00.000Z
15005,2011-08-04T12:13:00.000Z
14667,2011-08-04T16:36:00.000Z
14543,2011-08-04T18:18:00.000Z
17457,2011-08-05T12:48:00.000Z
17220,2011-08-05T15:30:00.000Z
17400,2011-08-05T15:38:00.000Z
17400,2011-08-05T15:38:00.000Z
17400,2011-08-05T15:38:00.000Z
14903,2011-08-07T12:42:00.000Z
14903,2011-08-07T12:42:00.000Z
15518,2011-08-07T13:08:00.000Z
15502,2011-08-08T11:45:00.000Z
17716,2011-08-08T11:58:00.000Z
13869,2011-08-08T13:53:00.000Z
13869,2011-08-08T13:53:00.000Z
14298,2011-08-08T14:37:00.000Z
13500,2011-08-09T12:20:00.000Z
17634,2011-08-09T14:18:00.000Z
16053,2011-08-09T14:57:00.000Z
15838,2011-08-10T10:53:00.000Z
14388,2011-08-10T11:58:00.000Z
17686,2011-08-11T11:44:00.000Z
17841,2011-08-11T11:45:00.000Z
15358,2011-08-11T12:44:00.000Z
13198,2011-08-11T12:48:00.000Z
13198,2011-08-11T12:48:00.000Z
17340,2011-08-11T12:58:00.000Z
17248,2011-08-11T13:34:00.000Z
14834,2011-08-11T14:36:00.000Z
13158,2011-08-12T09:04:00.000Z
14849,2011-08-12T11:07:00.000Z
17516,2011-08-12T14:50:00.000Z
13527,2011-08-14T12:23:00.000Z
16370,2011-08-14T12:56:00.000Z
16902,2011-08-15T14:17:00.000Z
16153,2011-08-16T09:34:00.000Z
15752,2011-08-16T10:36:00.000Z
16303,2011-08-16T11:04:00.000Z
13140,2011-08-16T13:13:00.000Z
17682,2011-08-16T15:22:00.000Z
15039,2011-08-17T12:06:00.000Z
17706,2011-08-17T13:31:00.000Z
15786,2011-08-17T13:33:00.000Z
17338,2011-08-17T14:22:00.000Z
12748,2011-08-17T15:06:00.000Z
17070,2011-08-17T17:01:00.000Z
15867,2011-08-18T16:24:00.000Z
17576,2011-08-18T17:44:00.000Z
15024,2011-08-18T19:13:00.000Z
15938,2011-08-19T12:56:00.000Z
15078,2011-08-19T13:03:00.000Z
15078,2011-08-19T13:03:00.000Z
17061,2011-08-21T10:44:00.000Z
15701,2011-08-21T12:36:00.000Z
16265,2011-08-21T12:39:00.000Z
14572,2011-08-21T13:46:00.000Z
14529,2011-08-21T14:10:00.000Z
17059,2011-08-21T15:17:00.000Z
15547,2011-08-21T16:24:00.000Z
18204,2011-08-22T09:10:00.000Z
17585,2011-08-22T13:30:00.000Z
17585,2011-08-22T13:30:00.000Z
14505,2011-08-22T14:38:00.000Z
14505,2011-08-22T14:38:00.000Z
15804,2011-08-23T09:57:00.000Z
17841,2011-08-23T11:47:00.000Z
15932,2011-08-24T12:00:00.000Z
17865,2011-08-24T12:32:00.000Z
16340,2011-08-24T14:53:00.000Z
14056,2011-08-24T16:02:00.000Z
13078,2011-08-25T10:16:00.000Z
14050,2011-08-25T13:46:00.000Z
13408,2011-08-25T15:21:00.000Z
16309,2011-08-25T15:35:00.000Z
16818,2011-08-25T15:49:00.000Z
15811,2011-08-26T09:37:00.000Z
15203,2011-08-26T09:58:00.000Z
15615,2011-08-26T12:41:00.000Z
16768,2011-08-28T10:43:00.000Z
16686,2011-08-28T12:31:00.000Z
16686,2011-08-28T12:31:00.000Z
16686,2011-08-28T12:31:00.000Z
16686,2011-08-28T12:31:00.000Z
14869,2011-08-28T16:09:00.000Z
13709,2011-08-30T10:20:00.000Z
13709,2011-08-30T10:20:00.000Z
13726,2011-08-31T11:06:00.000Z
13089,2011-08-31T13:56:00.000Z
15856,2011-08-31T17:16:00.000Z
16011,2011-09-01T10:28:00.000Z
13588,2011-09-01T11:15:00.000Z
13376,2011-09-01T16:16:00.000Z
16729,2011-09-01T16:18:00.000Z
14907,2011-09-01T16:41:00.000Z
16764,2011-09-01T16:46:00.000Z
15910,2011-09-01T16:59:00.000Z
12828,2011-09-01T17:14:00.000Z
14096,2011-09-02T15:45:00.000Z
13804,2011-09-04T10:59:00.000Z
16813,2011-09-04T11:12:00.000Z
18223,2011-09-04T11:49:00.000Z
16326,2011-09-04T12:09:00.000Z
12851,2011-09-04T12:41:00.000Z
12851,2011-09-04T12:41:00.000Z
14965,2011-09-04T13:15:00.000Z
16241,2011-09-04T13:16:00.000Z
14189,2011-09-04T13:45:00.000Z
17050,2011-09-04T13:48:00.000Z
13931,2011-09-05T10:12:00.000Z
14159,2011-09-05T12:00:00.000Z
17612,2011-09-05T14:07:00.000Z
15238,2011-09-05T15:26:00.000Z
13949,2011-09-06T11:55:00.000Z
14360,2011-09-06T11:58:00.000Z
16767,2011-09-07T09:15:00.000Z
15594,2011-09-07T10:51:00.000Z
17442,2011-09-07T12:19:00.000Z
14410,2011-09-08T14:57:00.000Z
15039,2011-09-09T11:15:00.000Z
12748,2011-09-09T13:20:00.000Z
14388,2011-09-09T13:26:00.000Z
15652,2011-09-09T14:22:00.000Z
16362,2011-09-09T14:47:00.000Z
14096,2011-09-09T15:17:00.000Z
15251,2011-09-09T15:53:00.000Z
14837,2011-09-11T10:58:00.000Z
13124,2011-09-11T12:45:00.000Z
13884,2011-09-11T13:58:00.000Z
16549,2011-09-11T13:58:00.000Z
12748,2011-09-11T14:15:00.000Z
14456,2011-09-11T15:24:00.000Z
14456,2011-09-11T15:24:00.000Z
12965,2011-09-11T15:31:00.000Z
12965,2011-09-11T15:31:00.000Z
12965,2011-09-11T15:31:00.000Z
13381,2011-09-11T15:35:00.000Z
14533,2011-09-11T15:35:00.000Z
16794,2011-09-11T15:50:00.000Z
17685,2011-09-12T12:27:00.000Z
15253,2011-09-12T12:32:00.000Z
13650,2011-09-12T12:45:00.000Z
17433,2011-09-12T14:24:00.000Z
14020,2011-09-12T15:32:00.000Z
18069,2011-09-12T16:14:00.000Z
18069,2011-09-12T16:14:00.000Z
16609,2011-09-13T09:43:00.000Z
16098,2011-09-13T09:59:00.000Z
15529,2011-09-13T11:14:00.000Z
15529,2011-09-13T11:14:00.000Z
13767,2011-09-13T11:34:00.000Z
13136,2011-09-13T11:39:00.000Z
18145,2011-09-13T12:13:00.000Z
18145,2011-09-13T12:13:00.000Z
16081,2011-09-13T13:47:00.000Z
13384,2011-09-13T13:49:00.000Z
16036,2011-09-13T14:53:00.000Z
16279,2011-09-13T16:26:00.000Z
13032,2011-09-13T16:40:00.000Z
17193,2011-09-14T10:40:00.000Z
15933,2011-09-14T12:05:00.000Z
13634,2011-09-14T12:42:00.000Z
15707,2011-09-14T14:19:00.000Z
16928,2011-09-14T15:33:00.000Z
13107,2011-09-15T09:41:00.000Z
13107,2011-09-15T09:41:00.000Z
13107,2011-09-15T09:41:00.000Z
17677,2011-09-15T11:33:00.000Z
15573,2011-09-15T12:16:00.000Z
17786,2011-09-15T12:51:00.000Z
15660,2011-09-15T13:57:00.000Z
14367,2011-09-15T14:05:00.000Z
17602,2011-09-15T14:07:00.000Z
18259,2011-09-15T14:37:00.000Z
17428,2011-09-15T15:21:00.000Z
18102,2011-09-15T15:30:00.000Z
17594,2011-09-15T16:34:00.000Z
15152,2011-09-16T09:21:00.000Z
15382,2011-09-16T09:27:00.000Z
18122,2011-09-16T12:34:00.000Z
17049,2011-09-16T13:03:00.000Z
15240,2011-09-16T13:45:00.000Z
17802,2011-09-18T14:56:00.000Z
14769,2011-09-18T15:32:00.000Z
14769,2011-09-18T15:33:00.000Z
17073,2011-09-18T16:04:00.000Z
17073,2011-09-18T16:04:00.000Z
13325,2011-09-19T10:36:00.000Z
15365,2011-09-19T10:43:00.000Z
13695,2011-09-19T11:37:00.000Z
14766,2011-09-20T09:45:00.000Z
17450,2011-09-20T10:23:00.000Z
17863,2011-09-20T10:38:00.000Z
17651,2011-09-21T09:45:00.000Z
17164,2011-09-21T11:48:00.000Z
14527,2011-09-21T12:46:00.000Z
13350,2011-09-21T13:33:00.000Z
14096,2011-09-21T14:40:00.000Z
17731,2011-09-21T15:02:00.000Z
13959,2011-09-21T15:06:00.000Z
14606,2011-09-21T16:15:00.000Z
13486,2011-09-22T13:13:00.000Z
15067,2011-09-22T13:18:00.000Z
15484,2011-09-22T13:31:00.000Z
15484,2011-09-22T13:31:00.000Z
14077,2011-09-22T13:44:00.000Z
16910,2011-09-22T14:42:00.000Z
15194,2011-09-22T18:10:00.000Z
16136,2011-09-23T09:00:00.000Z
18188,2011-09-23T12:58:00.000Z
13097,2011-09-23T12:58:00.000Z
14546,2011-09-23T13:11:00.000Z
16910,2011-09-23T13:12:00.000Z
14014,2011-09-23T13:18:00.000Z
16240,2011-09-23T13:44:00.000Z
14529,2011-09-23T13:48:00.000Z
14529,2011-09-23T13:48:00.000Z
13336,2011-09-23T14:05:00.000Z
14652,2011-09-23T14:21:00.000Z
15807,2011-09-23T14:43:00.000Z
15762,2011-09-23T15:17:00.000Z
16480,2011-09-25T11:40:00.000Z
16187,2011-09-25T13:16:00.000Z
16594,2011-09-25T14:08:00.000Z
17837,2011-09-25T14:08:00.000Z
16049,2011-09-25T14:33:00.000Z
16049,2011-09-25T14:33:00.000Z
16655,2011-09-25T14:37:00.000Z
16746,2011-09-25T14:52:00.000Z
15214,2011-09-25T16:06:00.000Z
15214,2011-09-25T16:06:00.000Z
14217,2011-09-26T12:12:00.000Z
16383,2011-09-26T12:45:00.000Z
14667,2011-09-26T13:57:00.000Z
15243,2011-09-26T14:12:00.000Z
14096,2011-09-26T15:28:00.000Z
13035,2011-09-27T08:57:00.000Z
15745,2011-09-27T10:24:00.000Z
13555,2011-09-27T12:36:00.000Z
14456,2011-09-27T12:52:00.000Z
13988,2011-09-28T10:54:00.000Z
16764,2011-09-28T12:36:00.000Z
13018,2011-09-28T12:52:00.000Z
15750,2011-09-28T13:00:00.000Z
14978,2011-09-28T13:07:00.000Z
13139,2011-09-28T13:13:00.000Z
13139,2011-09-28T13:13:00.000Z
18242,2011-09-28T13:43:00.000Z
18242,2011-09-28T13:43:00.000Z
16332,2011-09-28T14:43:00.000Z
13924,2011-09-28T15:07:00.000Z
13985,2011-09-29T08:53:00.000Z
15144,2011-09-29T09:16:00.000Z
15144,2011-09-29T09:16:00.000Z
14868,2011-09-29T10:45:00.000Z
17348,2011-09-29T11:39:00.000Z
17348,2011-09-29T11:39:00.000Z
17930,2011-09-29T12:11:00.000Z
18198,2011-09-29T12:43:00.000Z
17528,2011-09-29T13:04:00.000Z
17528,2011-09-29T13:04:00.000Z
16361,2011-09-29T13:13:00.000Z
13354,2011-09-29T13:17:00.000Z
13647,2011-09-29T13:21:00.000Z
15050,2011-09-29T13:22:00.000Z
16653,2011-09-29T13:38:00.000Z
13576,2011-09-29T15:32:00.000Z
17572,2011-09-29T17:53:00.000Z
14409,2011-09-29T18:18:00.000Z
17552,2011-09-29T18:51:00.000Z
16101,2011-09-30T10:18:00.000Z
13972,2011-09-30T11:54:00.000Z
13764,2011-09-30T12:03:00.000Z
17757,2011-09-30T13:54:00.000Z
15834,2011-09-30T14:41:00.000Z
15038,2011-10-02T10:58:00.000Z
16693,2011-10-02T11:10:00.000Z
13681,2011-10-02T11:41:00.000Z
15774,2011-10-02T12:04:00.000Z
16007,2011-10-02T13:26:00.000Z
15547,2011-10-02T14:47:00.000Z
16533,2011-10-02T15:07:00.000Z
17841,2011-10-02T15:33:00.000Z
17924,2011-10-03T10:08:00.000Z
13635,2011-10-03T10:55:00.000Z
17321,2011-10-03T11:34:00.000Z
14360,2011-10-03T12:48:00.000Z
16875,2011-10-03T13:39:00.000Z
18102,2011-10-03T14:34:00.000Z
18257,2011-10-03T14:53:00.000Z
18257,2011-10-03T14:53:00.000Z
18102,2011-10-03T15:06:00.000Z
13297,2011-10-03T15:08:00.000Z
13994,2011-10-03T15:28:00.000Z
17381,2011-10-04T08:30:00.000Z
15241,2011-10-04T09:05:00.000Z
13650,2011-10-04T09:51:00.000Z
16556,2011-10-04T11:36:00.000Z
17673,2011-10-04T12:25:00.000Z
13317,2011-10-04T13:35:00.000Z
15228,2011-10-04T13:56:00.000Z
14506,2011-10-04T14:42:00.000Z
14506,2011-10-04T14:42:00.000Z
17728,2011-10-05T08:17:00.000Z
17728,2011-10-05T08:17:00.000Z
12828,2011-10-05T10:53:00.000Z
12843,2011-10-05T12:09:00.000Z
14099,2011-10-05T13:04:00.000Z
18237,2011-10-05T13:33:00.000Z
14730,2011-10-05T13:47:00.000Z
18223,2011-10-05T15:09:00.000Z
14396,2011-10-05T16:09:00.000Z
14396,2011-10-05T16:09:00.000Z
15416,2011-10-06T09:38:00.000Z
14849,2011-10-06T11:24:00.000Z
16924,2011-10-06T11:41:00.000Z
16924,2011-10-06T11:41:00.000Z
13602,2011-10-06T11:47:00.000Z
16895,2011-10-06T12:15:00.000Z
16895,2011-10-06T12:15:00.000Z
14383,2011-10-06T13:00:00.000Z
14449,2011-10-06T13:29:00.000Z
13422,2011-10-06T13:42:00.000Z
14518,2011-10-06T14:43:00.000Z
17813,2011-10-06T16:01:00.000Z
15719,2011-10-07T12:18:00.000Z
13004,2011-10-07T12:25:00.000Z
15615,2011-10-07T14:04:00.000Z
16558,2011-10-07T14:23:00.000Z
17509,2011-10-07T14:28:00.000Z
13755,2011-10-07T15:45:00.000Z
16873,2011-10-09T12:20:00.000Z
16595,2011-10-09T13:15:00.000Z
16685,2011-10-09T13:44:00.000Z
13212,2011-10-09T14:48:00.000Z
13373,2011-10-10T10:51:00.000Z
17706,2011-10-10T12:26:00.000Z
14719,2011-10-10T12:34:00.000Z
16395,2011-10-10T12:50:00.000Z
17841,2011-10-10T13:33:00.000Z
14535,2011-10-10T15:39:00.000Z
14535,2011-10-10T15:39:00.000Z
17459,2011-10-10T17:00:00.000Z
14096,2011-10-10T17:12:00.000Z
14096,2011-10-10T17:12:00.000Z
14096,2011-10-10T17:12:00.000Z
14857,2011-10-11T09:23:00.000Z
17489,2011-10-12T08:56:00.000Z
14541,2011-10-12T10:08:00.000Z
17913,2011-10-12T10:45:00.000Z
17913,2011-10-12T10:45:00.000Z
13842,2011-10-12T10:51:00.000Z
17190,2011-10-12T11:33:00.000Z
17346,2011-10-12T11:58:00.000Z
17841,2011-10-12T12:47:00.000Z
17676,2011-10-12T14:21:00.000Z
17169,2011-10-13T10:25:00.000Z
17169,2011-10-13T10:25:00.000Z
14251,2011-10-13T12:46:00.000Z
15511,2011-10-13T12:58:00.000Z
16042,2011-10-13T13:42:00.000Z
16793,2011-10-13T15:08:00.000Z
16570,2011-10-13T15:49:00.000Z
17614,2011-10-13T16:01:00.000Z
17677,2011-10-14T12:33:00.000Z
12940,2011-10-16T12:09:00.000Z
15440,2011-10-16T12:16:00.000Z
16934,2011-10-16T12:25:00.000Z
15545,2011-10-16T13:24:00.000Z
15545,2011-10-16T13:24:00.000Z
14547,2011-10-16T14:35:00.000Z
14741,2011-10-16T16:12:00.000Z
14443,2011-10-17T10:10:00.000Z
18042,2011-10-17T11:49:00.000Z
15335,2011-10-17T12:50:00.000Z
13015,2011-10-17T13:19:00.000Z
15066,2011-10-17T13:25:00.000Z
14096,2011-10-17T13:31:00.000Z
14096,2011-10-17T13:31:00.000Z
14830,2011-10-17T14:29:00.000Z
13546,2011-10-17T14:51:00.000Z
17757,2011-10-17T16:53:00.000Z
13362,2011-10-18T11:18:00.000Z
14298,2011-10-18T12:17:00.000Z
18118,2011-10-18T12:17:00.000Z
16393,2011-10-18T12:43:00.000Z
14554,2011-10-18T13:04:00.000Z
16910,2011-10-18T13:29:00.000Z
16910,2011-10-18T13:29:00.000Z
14179,2011-10-18T14:00:00.000Z
15144,2011-10-18T15:26:00.000Z
15853,2011-10-19T10:38:00.000Z
15039,2011-10-19T11:44:00.000Z
16979,2011-10-19T12:01:00.000Z
13576,2011-10-19T12:50:00.000Z
14306,2011-10-19T13:23:00.000Z
14704,2011-10-19T13:58:00.000Z
14704,2011-10-19T13:58:00.000Z
15006,2011-10-19T15:08:00.000Z
17434,2011-10-20T10:06:00.000Z
14638,2011-10-20T10:10:00.000Z
17346,2011-10-20T12:34:00.000Z
15159,2011-10-20T13:07:00.000Z
15117,2011-10-20T15:38:00.000Z
17571,2011-10-20T15:57:00.000Z
14967,2011-10-21T11:06:00.000Z
18102,2011-10-21T11:54:00.000Z
16015,2011-10-21T12:56:00.000Z
17463,2011-10-21T13:17:00.000Z
16558,2011-10-21T13:46:00.000Z
15051,2011-10-21T14:01:00.000Z
17634,2011-10-23T11:39:00.000Z
15000,2011-10-23T11:42:00.000Z
15000,2011-10-23T11:42:00.000Z
14800,2011-10-23T12:46:00.000Z
16794,2011-10-23T14:41:00.000Z
15427,2011-10-23T14:47:00.000Z
15427,2011-10-23T14:47:00.000Z
18109,2011-10-23T14:56:00.000Z
14432,2011-10-23T15:29:00.000Z
15436,2011-10-23T16:19:00.000Z
15436,2011-10-23T16:19:00.000Z
15436,2011-10-23T16:19:00.000Z
14704,2011-10-23T16:19:00.000Z
13138,2011-10-24T09:34:00.000Z
15142,2011-10-24T12:51:00.000Z
14474,2011-10-24T13:26:00.000Z
14474,2011-10-24T13:26:00.000Z
14467,2011-10-24T13:59:00.000Z
13176,2011-10-24T15:43:00.000Z
14096,2011-10-24T17:07:00.000Z
16762,2011-10-25T10:17:00.000Z
18272,2011-10-25T11:52:00.000Z
17350,2011-10-25T12:06:00.000Z
15805,2011-10-25T12:11:00.000Z
15861,2011-10-25T12:12:00.000Z
15443,2011-10-25T12:54:00.000Z
13309,2011-10-25T13:16:00.000Z
16258,2011-10-25T13:30:00.000Z
16056,2011-10-25T15:19:00.000Z
18079,2011-10-25T15:21:00.000Z
17449,2011-10-25T17:21:00.000Z
14754,2011-10-26T12:01:00.000Z
14550,2011-10-26T12:14:00.000Z
16415,2011-10-26T13:35:00.000Z
17974,2011-10-26T15:17:00.000Z
17974,2011-10-26T15:17:00.000Z
15993,2011-10-26T16:21:00.000Z
15993,2011-10-26T16:57:00.000Z
15948,2011-10-27T08:35:00.000Z
14189,2011-10-27T10:26:00.000Z
17878,2011-10-27T11:24:00.000Z
14971,2011-10-27T13:33:00.000Z
17545,2011-10-27T13:56:00.000Z
16265,2011-10-27T14:03:00.000Z
17545,2011-10-27T14:04:00.000Z
13488,2011-10-27T14:05:00.000Z
13735,2011-10-27T14:22:00.000Z
15707,2011-10-27T14:39:00.000Z
16688,2011-10-27T16:11:00.000Z
13654,2011-10-27T16:23:00.000Z
13654,2011-10-27T16:23:00.000Z
18035,2011-10-27T17:57:00.000Z
16438,2011-10-27T19:56:00.000Z
15014,2011-10-27T20:07:00.000Z
15014,2011-10-27T20:07:00.000Z
17602,2011-10-27T20:09:00.000Z
15611,2011-10-28T09:01:00.000Z
14498,2011-10-28T12:09:00.000Z
16764,2011-10-28T13:00:00.000Z
14071,2011-10-28T16:45:00.000Z
14071,2011-10-28T16:45:00.000Z
17651,2011-10-30T10:18:00.000Z
16601,2011-10-30T11:09:00.000Z
14546,2011-10-30T11:47:00.000Z
13566,2011-10-30T11:59:00.000Z
14179,2011-10-30T12:07:00.000Z
17255,2011-10-30T12:18:00.000Z
14178,2011-10-30T12:48:00.000Z
16079,2011-10-30T13:06:00.000Z
14710,2011-10-30T13:09:00.000Z
16145,2011-10-30T13:17:00.000Z
14507,2011-10-30T13:18:00.000Z
17213,2011-10-30T14:53:00.000Z
15385,2011-10-30T15:11:00.000Z
14723,2011-10-30T15:13:00.000Z
15547,2011-10-30T15:19:00.000Z
14808,2011-10-31T12:21:00.000Z
15974,2011-10-31T13:13:00.000Z
14527,2011-10-31T14:03:00.000Z
14096,2011-10-31T14:09:00.000Z
14096,2011-10-31T14:09:00.000Z
17396,2011-10-31T14:12:00.000Z
15977,2011-10-31T16:24:00.000Z
15023,2011-10-31T17:13:00.000Z
13726,2011-11-01T10:49:00.000Z
14419,2011-11-01T11:29:00.000Z
13868,2011-11-01T12:45:00.000Z
16360,2011-11-01T12:48:00.000Z
14401,2011-11-01T13:37:00.000Z
14505,2011-11-01T14:54:00.000Z
17754,2011-11-02T12:37:00.000Z
16367,2011-11-02T13:13:00.000Z
18104,2011-11-02T14:07:00.000Z
13271,2011-11-02T14:31:00.000Z
13271,2011-11-02T14:31:00.000Z
16348,2011-11-02T16:29:00.000Z
14098,2011-11-03T10:13:00.000Z
18041,2011-11-03T11:27:00.000Z
16221,2011-11-03T11:43:00.000Z
15551,2011-11-03T12:37:00.000Z
16891,2011-11-03T13:50:00.000Z
13014,2011-11-03T13:58:00.000Z
15570,2011-11-03T14:27:00.000Z
14878,2011-11-03T14:47:00.000Z
15640,2011-11-03T16:56:00.000Z
13267,2011-11-03T17:45:00.000Z
17377,2011-11-04T10:08:00.000Z
17348,2011-11-04T10:37:00.000Z
12944,2011-11-04T11:04:00.000Z
17203,2011-11-04T12:20:00.000Z
18022,2011-11-04T12:45:00.000Z
18022,2011-11-04T12:45:00.000Z
15676,2011-11-04T14:19:00.000Z
15676,2011-11-04T14:19:00.000Z
15061,2011-11-04T14:26:00.000Z
15952,2011-11-06T11:18:00.000Z
13772,2011-11-06T11:43:00.000Z
13772,2011-11-06T11:43:00.000Z
15407,2011-11-06T11:55:00.000Z
16676,2011-11-06T12:01:00.000Z
17289,2011-11-06T12:31:00.000Z
15156,2011-11-06T12:41:00.000Z
14963,2011-11-06T12:44:00.000Z
16372,2011-11-06T12:50:00.000Z
17608,2011-11-06T13:00:00.000Z
14553,2011-11-06T13:32:00.000Z
16033,2011-11-06T13:53:00.000Z
15426,2011-11-06T13:54:00.000Z
15427,2011-11-06T14:29:00.000Z
17082,2011-11-06T15:17:00.000Z
14868,2011-11-06T15:53:00.000Z
15993,2011-11-06T16:13:00.000Z
15993,2011-11-06T16:13:00.000Z
17430,2011-11-07T09:24:00.000Z
16053,2011-11-07T11:21:00.000Z
17623,2011-11-07T11:32:00.000Z
15785,2011-11-07T11:33:00.000Z
14387,2011-11-07T12:29:00.000Z
16362,2011-11-07T13:01:00.000Z
17043,2011-11-07T15:33:00.000Z
17109,2011-11-07T16:16:00.000Z
17109,2011-11-07T16:16:00.000Z
17757,2011-11-07T16:40:00.000Z
14050,2011-11-08T10:00:00.000Z
15194,2011-11-08T10:26:00.000Z
17219,2011-11-08T11:25:00.000Z
15005,2011-11-08T11:53:00.000Z
15957,2011-11-08T12:14:00.000Z
17651,2011-11-08T12:30:00.000Z
16764,2011-11-08T12:32:00.000Z
17515,2011-11-08T14:04:00.000Z
17515,2011-11-08T14:04:00.000Z
12748,2011-11-08T14:22:00.000Z
15208,2011-11-08T14:39:00.000Z
15615,2011-11-08T15:35:00.000Z
14108,2011-11-09T10:41:00.000Z
17511,2011-11-09T11:19:00.000Z
17293,2011-11-09T13:46:00.000Z
13209,2011-11-09T13:54:00.000Z
17867,2011-11-09T14:11:00.000Z
15916,2011-11-09T16:33:00.000Z
14121,2011-11-10T10:36:00.000Z
17340,2011-11-10T10:45:00.000Z
14562,2011-11-10T10:49:00.000Z
17521,2011-11-10T11:22:00.000Z
14456,2011-11-10T11:55:00.000Z
14456,2011-11-10T11:55:00.000Z
14096,2011-11-10T12:37:00.000Z
14096,2011-11-10T12:37:00.000Z
14863,2011-11-10T15:04:00.000Z
17389,2011-11-10T15:51:00.000Z
16791,2011-11-10T19:12:00.000Z
13999,2011-11-11T11:38:00.000Z
15024,2011-11-11T12:01:00.000Z
14125,2011-11-11T12:20:00.000Z
12985,2011-11-11T12:44:00.000Z
12985,2011-11-11T12:44:00.000Z
15602,2011-11-11T14:09:00.000Z
15903,2011-11-13T13:27:00.000Z
13379,2011-11-13T13:45:00.000Z
12867,2011-11-13T15:30:00.000Z
16898,2011-11-13T15:44:00.000Z
16930,2011-11-13T16:13:00.000Z
15572,2011-11-14T12:14:00.000Z
13755,2011-11-14T13:31:00.000Z
14953,2011-11-14T14:59:00.000Z
14096,2011-11-14T15:27:00.000Z
16361,2011-11-15T12:25:00.000Z
13236,2011-11-15T12:50:00.000Z
14711,2011-11-15T13:19:00.000Z
17564,2011-11-15T13:27:00.000Z
16295,2011-11-15T13:55:00.000Z
13614,2011-11-15T14:47:00.000Z
15720,2011-11-15T14:48:00.000Z
15720,2011-11-15T14:48:00.000Z
14194,2011-11-15T14:57:00.000Z
16008,2011-11-16T10:32:00.000Z
13558,2011-11-16T12:13:00.000Z
15900,2011-11-16T12:19:00.000Z
16085,2011-11-16T13:24:00.000Z
13102,2011-11-16T15:01:00.000Z
13500,2011-11-16T15:35:00.000Z
17757,2011-11-16T15:51:00.000Z
13308,2011-11-17T09:31:00.000Z
15529,2011-11-17T11:29:00.000Z
15506,2011-11-17T12:11:00.000Z
17095,2011-11-17T12:21:00.000Z
13160,2011-11-17T13:07:00.000Z
14796,2011-11-17T13:30:00.000Z
13001,2011-11-17T14:17:00.000Z
12748,2011-11-17T14:26:00.000Z
14397,2011-11-17T14:36:00.000Z
14362,2011-11-17T15:08:00.000Z
17799,2011-11-17T15:16:00.000Z
13089,2011-11-17T16:37:00.000Z
14456,2011-11-17T17:18:00.000Z
14456,2011-11-17T17:18:00.000Z
16511,2011-11-18T10:41:00.000Z
17159,2011-11-18T10:52:00.000Z
17841,2011-11-18T10:58:00.000Z
18034,2011-11-18T12:08:00.000Z
18034,2011-11-18T12:08:00.000Z
14390,2011-11-18T13:02:00.000Z
13013,2011-11-18T14:25:00.000Z
14157,2011-11-20T11:32:00.000Z
14075,2011-11-20T12:32:00.000Z
14159,2011-11-20T12:36:00.000Z
14159,2011-11-20T12:36:00.000Z
14159,2011-11-20T12:36:00.000Z
13212,2011-11-20T12:40:00.000Z
18127,2011-11-20T12:45:00.000Z
14359,2011-11-20T13:17:00.000Z
15988,2011-11-20T13:23:00.000Z
16513,2011-11-20T13:39:00.000Z
14071,2011-11-20T14:07:00.000Z
16899,2011-11-20T14:31:00.000Z
17758,2011-11-20T14:43:00.000Z
16931,2011-11-20T14:43:00.000Z
16931,2011-11-20T14:43:00.000Z
15533,2011-11-20T15:35:00.000Z
16399,2011-11-20T16:12:00.000Z
16399,2011-11-20T16:12:00.000Z
14194,2011-11-21T10:35:00.000Z
16406,2011-11-21T11:57:00.000Z
15804,2011-11-21T12:02:00.000Z
16713,2011-11-21T12:36:00.000Z
15179,2011-11-21T12:53:00.000Z
13755,2011-11-21T13:41:00.000Z
16549,2011-11-21T16:17:00.000Z
18139,2011-11-21T16:20:00.000Z
16369,2011-11-21T16:25:00.000Z
17100,2011-11-21T16:36:00.000Z
15877,2011-11-22T11:18:00.000Z
15877,2011-11-22T11:18:00.000Z
15150,2011-11-22T12:52:00.000Z
17360,2011-11-22T12:55:00.000Z
14506,2011-11-22T13:02:00.000Z
13569,2011-11-22T13:07:00.000Z
17371,2011-11-22T13:25:00.000Z
15977,2011-11-22T13:29:00.000Z
16985,2011-11-22T13:33:00.000Z
17338,2011-11-22T14:23:00.000Z
14505,2011-11-22T15:45:00.000Z
14505,2011-11-22T15:45:00.000Z
17759,2011-11-22T16:02:00.000Z
17590,2011-11-22T16:06:00.000Z
15039,2011-11-22T16:11:00.000Z
15634,2011-11-22T16:28:00.000Z
16376,2011-11-22T16:47:00.000Z
13078,2011-11-23T09:51:00.000Z
17511,2011-11-23T10:31:00.000Z
14049,2011-11-23T12:20:00.000Z
13991,2011-11-23T12:38:00.000Z
15901,2011-11-23T12:43:00.000Z
18283,2011-11-23T13:27:00.000Z
18283,2011-11-23T13:27:00.000Z
12748,2011-11-23T13:34:00.000Z
14096,2011-11-23T13:39:00.000Z
14096,2011-11-23T13:39:00.000Z
14096,2011-11-23T13:39:00.000Z
15916,2011-11-23T13:46:00.000Z
12748,2011-11-23T13:51:00.000Z
12748,2011-11-23T13:51:00.000Z
17841,2011-11-23T14:07:00.000Z
13174,2011-11-23T14:35:00.000Z
15640,2011-11-23T14:36:00.000Z
17290,2011-11-23T15:53:00.000Z
15743,2011-11-23T17:19:00.000Z
16343,2011-11-23T17:43:00.000Z
15858,2011-11-24T12:48:00.000Z
16885,2011-11-24T13:40:00.000Z
14591,2011-11-24T13:56:00.000Z
17364,2011-11-24T14:40:00.000Z
14756,2011-11-24T18:13:00.000Z
16719,2011-11-25T09:27:00.000Z
13985,2011-11-25T10:02:00.000Z
15382,2011-11-25T10:58:00.000Z
17870,2011-11-25T11:20:00.000Z
17870,2011-11-25T11:20:00.000Z
16401,2011-11-25T12:57:00.000Z
16327,2011-11-25T13:23:00.000Z
17920,2011-11-25T13:47:00.000Z
15311,2011-11-25T13:52:00.000Z
17841,2011-11-27T11:12:00.000Z
14878,2011-11-27T11:15:00.000Z
18145,2011-11-27T11:22:00.000Z
17812,2011-11-27T11:47:00.000Z
17236,2011-11-27T12:00:00.000Z
16942,2011-11-27T12:40:00.000Z
14577,2011-11-27T12:47:00.000Z
16923,2011-11-27T13:00:00.000Z
16024,2011-11-27T13:26:00.000Z
15009,2011-11-27T13:35:00.000Z
16005,2011-11-27T13:41:00.000Z
16005,2011-11-27T13:47:00.000Z
16005,2011-11-27T13:47:00.000Z
14547,2011-11-27T13:49:00.000Z
14954,2011-11-27T14:30:00.000Z
17231,2011-11-27T15:18:00.000Z
15861,2011-11-27T15:59:00.000Z
17595,2011-11-27T16:08:00.000Z
14093,2011-11-27T16:27:00.000Z
13418,2011-11-28T10:23:00.000Z
13081,2011-11-28T10:54:00.000Z
18041,2011-11-28T11:39:00.000Z
18041,2011-11-28T11:39:00.000Z
15022,2011-11-28T12:35:00.000Z
15022,2011-11-28T12:35:00.000Z
18096,2011-11-28T12:44:00.000Z
13590,2011-11-28T12:54:00.000Z
17379,2011-11-28T13:56:00.000Z
15838,2011-11-28T13:59:00.000Z
16800,2011-11-28T14:06:00.000Z
17806,2011-11-28T14:12:00.000Z
15601,2011-11-28T15:15:00.000Z
14096,2011-11-28T15:54:00.000Z
14096,2011-11-28T15:54:00.000Z
14096,2011-11-28T15:54:00.000Z
14096,2011-11-28T15:54:00.000Z
14511,2011-11-28T17:05:00.000Z
17772,2011-11-29T10:57:00.000Z
14419,2011-11-29T11:22:00.000Z
13137,2011-11-29T12:09:00.000Z
13137,2011-11-29T12:09:00.000Z
14550,2011-11-29T12:12:00.000Z
14126,2011-11-29T12:22:00.000Z
14719,2011-11-29T12:52:00.000Z
12748,2011-11-29T13:06:00.000Z
15311,2011-11-29T13:12:00.000Z
17466,2011-11-29T13:15:00.000Z
15152,2011-11-29T13:37:00.000Z
16549,2011-11-29T15:06:00.000Z
16549,2011-11-29T15:06:00.000Z
13576,2011-11-29T15:34:00.000Z
17682,2011-11-29T15:59:00.000Z
17841,2011-11-29T17:52:00.000Z
17841,2011-11-29T17:52:00.000Z
15113,2011-11-30T08:23:00.000Z
13203,2011-11-30T10:45:00.000Z
15394,2011-11-30T11:49:00.000Z
18283,2011-11-30T12:59:00.000Z
13755,2011-11-30T13:29:00.000Z
15467,2011-11-30T14:17:00.000Z
16910,2011-11-30T14:33:00.000Z
13362,2011-11-30T14:41:00.000Z
16839,2011-12-01T09:03:00.000Z
14146,2011-12-01T10:18:00.000Z
16496,2011-12-01T10:31:00.000Z
13777,2011-12-01T11:18:00.000Z
16376,2011-12-01T11:38:00.000Z
17937,2011-12-01T11:45:00.000Z
15172,2011-12-01T11:51:00.000Z
14659,2011-12-01T12:17:00.000Z
15373,2011-12-01T15:05:00.000Z
17920,2011-12-01T16:37:00.000Z
17566,2011-12-01T19:54:00.000Z
12856,2011-12-02T10:52:00.000Z
17495,2011-12-02T12:08:00.000Z
17495,2011-12-02T12:08:00.000Z
14085,2011-12-02T12:36:00.000Z
16038,2011-12-02T12:40:00.000Z
15547,2011-12-02T12:52:00.000Z
16426,2011-12-02T12:59:00.000Z
17221,2011-12-02T13:35:00.000Z
17364,2011-12-02T13:46:00.000Z
17364,2011-12-02T13:46:00.000Z
12970,2011-12-02T14:26:00.000Z
12970,2011-12-02T14:26:00.000Z
12970,2011-12-02T14:26:00.000Z
12970,2011-12-02T14:26:00.000Z
14250,2011-12-02T14:29:00.000Z
18245,2011-12-02T14:48:00.000Z
18245,2011-12-02T14:48:00.000Z
17629,2011-12-04T10:56:00.000Z
13558,2011-12-04T11:24:00.000Z
13471,2011-12-04T11:45:00.000Z
17618,2011-12-04T11:50:00.000Z
12748,2011-12-04T12:29:00.000Z
17131,2011-12-04T12:52:00.000Z
14456,2011-12-04T13:59:00.000Z
13521,2011-12-04T14:55:00.000Z
17827,2011-12-04T15:00:00.000Z
14194,2011-12-05T10:38:00.000Z
12748,2011-12-05T11:49:00.000Z
15053,2011-12-05T12:08:00.000Z
16360,2011-12-05T12:16:00.000Z
14649,2011-12-05T12:30:00.000Z
16746,2011-12-05T12:33:00.000Z
15854,2011-12-05T13:39:00.000Z
16200,2011-12-05T14:40:00.000Z
16968,2011-12-05T15:02:00.000Z
15984,2011-12-05T16:05:00.000Z
13021,2011-12-05T16:37:00.000Z
15932,2011-12-05T17:13:00.000Z
14096,2011-12-05T17:17:00.000Z
14096,2011-12-05T17:17:00.000Z
14418,2011-12-06T11:39:00.000Z
17914,2011-12-06T11:58:00.000Z
15907,2011-12-06T12:21:00.000Z
14578,2011-12-06T17:18:00.000Z
13949,2011-12-07T09:35:00.000Z
13267,2011-12-07T11:12:00.000Z
14904,2011-12-07T12:55:00.000Z
16368,2011-12-07T13:12:00.000Z
17602,2011-12-07T13:53:00.000Z
15471,2011-12-07T14:12:00.000Z
14395,2011-12-07T14:34:00.000Z
14395,2011-12-07T14:34:00.000Z
17449,2011-12-07T16:56:00.000Z
17449,2011-12-07T16:56:00.000Z
17449,2011-12-07T16:56:00.000Z
17449,2011-12-07T16:56:00.000Z
12935,2011-12-07T17:25:00.000Z
13408,2011-12-08T09:05:00.000Z
17677,2011-12-08T09:55:00.000Z
17677,2011-12-08T09:56:00.000Z
14291,2011-12-08T10:24:00.000Z
16442,2011-12-08T11:43:00.000Z
16442,2011-12-08T11:43:00.000Z
16442,2011-12-08T11:43:00.000Z
14415,2011-12-08T14:38:00.000Z
14796,2011-12-08T15:31:00.000Z
14796,2011-12-08T15:31:00.000Z
13890,2011-12-08T15:36:00.000Z
16401,2011-12-08T18:15:00.000Z
17530,2011-12-08T18:42:00.000Z
17490,2011-12-09T09:07:00.000Z
14446,2011-12-09T11:34:00.000Z
12748,2011-12-09T12:20:00.000Z
13777,2011-12-09T12:25:00.000Z
15804,2011-12-09T12:31:00.000Z
